https://worldsofeducation.org/en/woe_homepage/woe_detail/15176/copyright-and-education-at-wipo,CC-MAIN-2018-51
https://worldsofeducation.org/en/woe_homepage/woe_detail/15176/copyright-and-education-at-wipo,CC-MAIN-2018-47
https://worldsofeducation.org/en/woe_homepage/woe_detail/15176/copyright-and-education-at-wipo,CC-MAIN-2018-43
https://worldsofeducation.org/en/woe_homepage/woe_detail/15176/copyright-and-education-at-wipo,CC-MAIN-2018-39
https://worldsofeducation.org/en/woe_homepage/woe_detail/15176/copyright-and-education-at-wipo,CC-MAIN-2018-34
https://worldsofeducation.org/en/woe_homepage/woe_detail/15176/copyright-and-education-at-wipo,CC-MAIN-2018-30
https://worldsofeducation.org/en/woe_homepage/woe_detail/15176/copyright-and-education-at-wipo,CC-MAIN-2018-26
https://worldsofeducation.org/en/woe_homepage/woe_detail/15176/copyright-and-education-at-wipo,CC-MAIN-2018-22
https://worldsofeducation.org/en/woe_homepage/woe_detail/15176/copyright-and-education-at-wipo,CC-MAIN-2018-17
https://worldsofeducation.org/en/woe_homepage/woe_detail/15176/copyright-and-education-at-wipo,CC-MAIN-2018-13
https://worldsofeducation.org/en/woe_homepage/woe_detail/15176/copyright-and-education-at-wipo,CC-MAIN-2018-09
https://worldsofeducation.org/en/woe_homepage/woe_detail/15176/copyright-and-education-at-wipo,CC-MAIN-2018-05
https://worldsofeducation.org/en/woe_homepage/woe_detail/15176/copyright-and-education-at-wipo,CC-MAIN-2017-51
https://worldsofeducation.org/en/woe_homepage/woe_detail/15176/copyright-and-education-at-wipo,CC-MAIN-2017-47
https://worldsofeducation.org/en/woe_homepage/woe_detail/15176/copyright-and-education-at-wipo,CC-MAIN-2017-43
https://worldsofeducation.org/en/woe_homepage/woe_detail/15176/copyright-and-education-at-wipo,CC-MAIN-2017-39
https://worldsofeducation.org/en/woe_homepage/woe_detail/15176/copyright-and-education-at-wipo,CC-MAIN-2017-34
https://worldsofeducation.org/en/woe_homepage/woe_detail/15176/copyright-and-education-at-wipo,CC-MAIN-2017-30
https://worldsofeducation.org/en/woe_homepage/woe_detail/15176/copyright-and-education-at-wipo,CC-MAIN-2017-26
https://worldsofeducation.org/en/woe_homepage/woe_detail/15176/copyright-and-education-at-wipo,CC-MAIN-2017-22
https://worldsofeducation.org/en/woe_homepage/woe_detail/15176/copyright-and-education-at-wipo,CC-MAIN-2017-17
https://worldsofeducation.org/en/woe_homepage/woe_detail/15176/copyright-and-education-at-wipo,CC-MAIN-2017-13
https://worldsofeducation.org/en/woe_homepage/woe_detail/15176/copyright-and-education-at-wipo,CC-MAIN-2017-09
https://worldsofeducation.org/en/woe_homepage/woe_detail/15176/copyright-and-education-at-wipo,CC-MAIN-2017-04
https://worldsofeducation.org/en/woe_homepage/woe_detail/15176/copyright-and-education-at-wipo,CC-MAIN-2016-50
https://worldsofeducation.org/en/woe_homepage/woe_detail/15176/copyright-and-education-at-wipo,CC-MAIN-2016-44
https://worldsofeducation.org/en/woe_homepage/woe_detail/15176/copyright-and-education-at-wipo,CC-MAIN-2016-40
https://worldsofeducation.org/en/woe_homepage/woe_detail/15176/copyright-and-education-at-wipo,CC-MAIN-2016-36
https://worldsofeducation.org/en/woe_homepage/woe_detail/15176/copyright-and-education-at-wipo,CC-MAIN-2016-30
https://worldsofeducation.org/en/woe_homepage/woe_detail/15176/copyright-and-education-at-wipo,CC-MAIN-2016-26
https://worldsofeducation.org/en/woe_homepage/woe_detail/15176/copyright-and-education-at-wipo,CC-MAIN-2016-22
https://worldsofeducation.org/en/woe_homepage/woe_detail/15176/copyright-and-education-at-wipo,CC-MAIN-2016-18
https://worldsofeducation.org/en/woe_homepage/woe_detail/15176/copyright-and-education-at-wipo,CC-MAIN-2016-07
https://worldsofeducation.org/en/woe_homepage/woe_detail/15176/copyright-and-education-at-wipo,CC-MAIN-2015-48
https://worldsofeducation.org/en/woe_homepage/woe_detail/15176/copyright-and-education-at-wipo,CC-MAIN-2015-40
https://worldsofeducation.org/en/woe_homepage/woe_detail/15176/copyright-and-education-at-wipo,CC-MAIN-2015-35
https://worldsofeducation.org/en/woe_homepage/woe_detail/15176/copyright-and-education-at-wipo,CC-MAIN-2015-32
https://worldsofeducation.org/en/woe_homepage/woe_detail/15176/copyright-and-education-at-wipo,CC-MAIN-2015-27
https://worldsofeducation.org/en/woe_homepage/woe_detail/15176/copyright-and-education-at-wipo,CC-MAIN-2015-22
https://worldsofeducation.org/en/woe_homepage/woe_detail/15176/copyright-and-education-at-wipo,CC-MAIN-2015-18
https://worldsofeducation.org/en/woe_homepage/woe_detail/15176/copyright-and-education-at-wipo,CC-MAIN-2015-14
https://worldsofeducation.org/en/woe_homepage/woe_detail/15176/copyright-and-education-at-wipo,CC-MAIN-2015-11
https://worldsofeducation.org/en/woe_homepage/woe_detail/15176/copyright-and-education-at-wipo,CC-MAIN-2015-06
https://worldsofeducation.org/en/woe_homepage/woe_detail/15176/copyright-and-education-at-wipo,CC-MAIN-2014-52
https://worldsofeducation.org/en/woe_homepage/woe_detail/15176/copyright-and-education-at-wipo,CC-MAIN-2014-49
https://worldsofeducation.org/en/woe_homepage/woe_detail/15176/copyright-and-education-at-wipo,CC-MAIN-2014-42
https://worldsofeducation.org/en/woe_homepage/woe_detail/15176/copyright-and-education-at-wipo,CC-MAIN-2014-41
https://worldsofeducation.org/en/woe_homepage/woe_detail/15176/copyright-and-education-at-wipo,CC-MAIN-2014-35
https://worldsofeducation.org/en/woe_homepage/woe_detail/15176/copyright-and-education-at-wipo,CC-MAIN-2014-23
https://worldsofeducation.org/en/woe_homepage/woe_detail/15176/copyright-and-education-at-wipo,CC-MAIN-2014-15
https://worldsofeducation.org/en/woe_homepage/woe_detail/15176/copyright-and-education-at-wipo,CC-MAIN-2014-10
http://graveslaw.org/attorneys.php,CC-MAIN-2018-51
http://graveslaw.org/attorneys.php,CC-MAIN-2018-47
http://graveslaw.org/attorneys.php,CC-MAIN-2018-43
http://graveslaw.org/attorneys.php,CC-MAIN-2018-39
http://graveslaw.org/attorneys.php,CC-MAIN-2018-34
http://graveslaw.org/attorneys.php,CC-MAIN-2018-30
http://graveslaw.org/attorneys.php,CC-MAIN-2018-26
http://graveslaw.org/attorneys.php,CC-MAIN-2018-22
http://graveslaw.org/attorneys.php,CC-MAIN-2018-17
http://graveslaw.org/attorneys.php,CC-MAIN-2018-13
http://graveslaw.org/attorneys.php,CC-MAIN-2018-09
http://graveslaw.org/attorneys.php,CC-MAIN-2018-05
http://graveslaw.org/attorneys.php,CC-MAIN-2017-51
http://graveslaw.org/attorneys.php,CC-MAIN-2017-47
http://graveslaw.org/attorneys.php,CC-MAIN-2017-43
http://graveslaw.org/attorneys.php,CC-MAIN-2017-39
http://graveslaw.org/attorneys.php,CC-MAIN-2017-34
http://graveslaw.org/attorneys.php,CC-MAIN-2017-30
http://graveslaw.org/attorneys.php,CC-MAIN-2017-26
http://graveslaw.org/attorneys.php,CC-MAIN-2017-22
http://graveslaw.org/attorneys.php,CC-MAIN-2017-17
http://graveslaw.org/attorneys.php,CC-MAIN-2017-13
http://graveslaw.org/attorneys.php,CC-MAIN-2017-09
http://graveslaw.org/attorneys.php,CC-MAIN-2017-04
http://graveslaw.org/attorneys.php,CC-MAIN-2016-50
http://graveslaw.org/attorneys.php,CC-MAIN-2016-44
http://graveslaw.org/attorneys.php,CC-MAIN-2016-40
http://graveslaw.org/attorneys.php,CC-MAIN-2016-36
http://graveslaw.org/attorneys.php,CC-MAIN-2016-30
http://graveslaw.org/attorneys.php,CC-MAIN-2016-26
http://graveslaw.org/attorneys.php,CC-MAIN-2016-22
http://graveslaw.org/attorneys.php,CC-MAIN-2016-18
http://graveslaw.org/attorneys.php,CC-MAIN-2016-07
http://graveslaw.org/attorneys.php,CC-MAIN-2015-48
http://graveslaw.org/attorneys.php,CC-MAIN-2015-40
http://graveslaw.org/attorneys.php,CC-MAIN-2015-35
http://graveslaw.org/attorneys.php,CC-MAIN-2015-32
http://graveslaw.org/attorneys.php,CC-MAIN-2015-27
http://graveslaw.org/attorneys.php,CC-MAIN-2015-22
http://graveslaw.org/attorneys.php,CC-MAIN-2015-18
http://graveslaw.org/attorneys.php,CC-MAIN-2015-14
http://graveslaw.org/attorneys.php,CC-MAIN-2015-11
http://graveslaw.org/attorneys.php,CC-MAIN-2015-06
http://graveslaw.org/attorneys.php,CC-MAIN-2014-52
http://graveslaw.org/attorneys.php,CC-MAIN-2014-49
http://graveslaw.org/attorneys.php,CC-MAIN-2014-42
http://graveslaw.org/attorneys.php,CC-MAIN-2014-41
http://graveslaw.org/attorneys.php,CC-MAIN-2014-35
http://graveslaw.org/attorneys.php,CC-MAIN-2014-23
http://graveslaw.org/attorneys.php,CC-MAIN-2014-15
http://graveslaw.org/attorneys.php,CC-MAIN-2014-10
https://www.keegan-law.com/attorneys/john-w-keegan-jr,CC-MAIN-2018-51
https://www.keegan-law.com/attorneys/john-w-keegan-jr,CC-MAIN-2018-47
https://www.keegan-law.com/attorneys/john-w-keegan-jr,CC-MAIN-2018-43
https://www.keegan-law.com/attorneys/john-w-keegan-jr,CC-MAIN-2018-39
https://www.keegan-law.com/attorneys/john-w-keegan-jr,CC-MAIN-2018-34
https://www.keegan-law.com/attorneys/john-w-keegan-jr,CC-MAIN-2018-30
https://www.keegan-law.com/attorneys/john-w-keegan-jr,CC-MAIN-2018-26
https://www.keegan-law.com/attorneys/john-w-keegan-jr,CC-MAIN-2018-22
https://www.keegan-law.com/attorneys/john-w-keegan-jr,CC-MAIN-2018-17
https://www.keegan-law.com/attorneys/john-w-keegan-jr,CC-MAIN-2018-13
https://www.keegan-law.com/attorneys/john-w-keegan-jr,CC-MAIN-2018-09
https://www.keegan-law.com/attorneys/john-w-keegan-jr,CC-MAIN-2018-05
https://www.keegan-law.com/attorneys/john-w-keegan-jr,CC-MAIN-2017-51
https://www.keegan-law.com/attorneys/john-w-keegan-jr,CC-MAIN-2017-47
https://www.keegan-law.com/attorneys/john-w-keegan-jr,CC-MAIN-2017-43
https://www.keegan-law.com/attorneys/john-w-keegan-jr,CC-MAIN-2017-39
https://www.keegan-law.com/attorneys/john-w-keegan-jr,CC-MAIN-2017-34
https://www.keegan-law.com/attorneys/john-w-keegan-jr,CC-MAIN-2017-30
https://www.keegan-law.com/attorneys/john-w-keegan-jr,CC-MAIN-2017-26
https://www.keegan-law.com/attorneys/john-w-keegan-jr,CC-MAIN-2017-22
https://www.keegan-law.com/attorneys/john-w-keegan-jr,CC-MAIN-2017-17
https://www.keegan-law.com/attorneys/john-w-keegan-jr,CC-MAIN-2017-13
https://www.keegan-law.com/attorneys/john-w-keegan-jr,CC-MAIN-2017-09
https://www.keegan-law.com/attorneys/john-w-keegan-jr,CC-MAIN-2017-04
https://www.keegan-law.com/attorneys/john-w-keegan-jr,CC-MAIN-2016-50
https://www.keegan-law.com/attorneys/john-w-keegan-jr,CC-MAIN-2016-44
https://www.keegan-law.com/attorneys/john-w-keegan-jr,CC-MAIN-2016-40
https://www.keegan-law.com/attorneys/john-w-keegan-jr,CC-MAIN-2016-36
https://www.keegan-law.com/attorneys/john-w-keegan-jr,CC-MAIN-2016-30
https://www.keegan-law.com/attorneys/john-w-keegan-jr,CC-MAIN-2016-26
https://www.keegan-law.com/attorneys/john-w-keegan-jr,CC-MAIN-2016-22
https://www.keegan-law.com/attorneys/john-w-keegan-jr,CC-MAIN-2016-18
https://www.keegan-law.com/attorneys/john-w-keegan-jr,CC-MAIN-2016-07
https://www.keegan-law.com/attorneys/john-w-keegan-jr,CC-MAIN-2015-48
https://www.keegan-law.com/attorneys/john-w-keegan-jr,CC-MAIN-2015-40
https://www.keegan-law.com/attorneys/john-w-keegan-jr,CC-MAIN-2015-35
https://www.keegan-law.com/attorneys/john-w-keegan-jr,CC-MAIN-2015-32
https://www.keegan-law.com/attorneys/john-w-keegan-jr,CC-MAIN-2015-27
https://www.keegan-law.com/attorneys/john-w-keegan-jr,CC-MAIN-2015-22
https://www.keegan-law.com/attorneys/john-w-keegan-jr,CC-MAIN-2015-18
https://www.keegan-law.com/attorneys/john-w-keegan-jr,CC-MAIN-2015-14
https://www.keegan-law.com/attorneys/john-w-keegan-jr,CC-MAIN-2015-11
https://www.keegan-law.com/attorneys/john-w-keegan-jr,CC-MAIN-2015-06
https://www.keegan-law.com/attorneys/john-w-keegan-jr,CC-MAIN-2014-52
https://www.keegan-law.com/attorneys/john-w-keegan-jr,CC-MAIN-2014-49
https://www.keegan-law.com/attorneys/john-w-keegan-jr,CC-MAIN-2014-42
https://www.keegan-law.com/attorneys/john-w-keegan-jr,CC-MAIN-2014-41
https://www.keegan-law.com/attorneys/john-w-keegan-jr,CC-MAIN-2014-35
https://www.keegan-law.com/attorneys/john-w-keegan-jr,CC-MAIN-2014-23
https://www.keegan-law.com/attorneys/john-w-keegan-jr,CC-MAIN-2014-15
https://www.keegan-law.com/attorneys/john-w-keegan-jr,CC-MAIN-2014-10
http://www.laborlawsny.com/staff/,CC-MAIN-2018-51
http://www.laborlawsny.com/staff/,CC-MAIN-2018-47
http://www.laborlawsny.com/staff/,CC-MAIN-2018-43
http://www.laborlawsny.com/staff/,CC-MAIN-2018-39
http://www.laborlawsny.com/staff/,CC-MAIN-2018-34
http://www.laborlawsny.com/staff/,CC-MAIN-2018-30
http://www.laborlawsny.com/staff/,CC-MAIN-2018-26
http://www.laborlawsny.com/staff/,CC-MAIN-2018-22
http://www.laborlawsny.com/staff/,CC-MAIN-2018-17
http://www.laborlawsny.com/staff/,CC-MAIN-2018-13
http://www.laborlawsny.com/staff/,CC-MAIN-2018-09
http://www.laborlawsny.com/staff/,CC-MAIN-2018-05
http://www.laborlawsny.com/staff/,CC-MAIN-2017-51
http://www.laborlawsny.com/staff/,CC-MAIN-2017-47
http://www.laborlawsny.com/staff/,CC-MAIN-2017-43
http://www.laborlawsny.com/staff/,CC-MAIN-2017-39
http://www.laborlawsny.com/staff/,CC-MAIN-2017-34
http://www.laborlawsny.com/staff/,CC-MAIN-2017-30
http://www.laborlawsny.com/staff/,CC-MAIN-2017-26
http://www.laborlawsny.com/staff/,CC-MAIN-2017-22
http://www.laborlawsny.com/staff/,CC-MAIN-2017-17
http://www.laborlawsny.com/staff/,CC-MAIN-2017-13
http://www.laborlawsny.com/staff/,CC-MAIN-2017-09
http://www.laborlawsny.com/staff/,CC-MAIN-2017-04
http://www.laborlawsny.com/staff/,CC-MAIN-2016-50
http://www.laborlawsny.com/staff/,CC-MAIN-2016-44
http://www.laborlawsny.com/staff/,CC-MAIN-2016-40
http://www.laborlawsny.com/staff/,CC-MAIN-2016-36
http://www.laborlawsny.com/staff/,CC-MAIN-2016-30
http://www.laborlawsny.com/staff/,CC-MAIN-2016-26
http://www.laborlawsny.com/staff/,CC-MAIN-2016-22
http://www.laborlawsny.com/staff/,CC-MAIN-2016-18
http://www.laborlawsny.com/staff/,CC-MAIN-2016-07
http://www.laborlawsny.com/staff/,CC-MAIN-2015-48
http://www.laborlawsny.com/staff/,CC-MAIN-2015-40
http://www.laborlawsny.com/staff/,CC-MAIN-2015-35
http://www.laborlawsny.com/staff/,CC-MAIN-2015-32
http://www.laborlawsny.com/staff/,CC-MAIN-2015-27
http://www.laborlawsny.com/staff/,CC-MAIN-2015-22
http://www.laborlawsny.com/staff/,CC-MAIN-2015-18
http://www.laborlawsny.com/staff/,CC-MAIN-2015-14
http://www.laborlawsny.com/staff/,CC-MAIN-2015-11
http://www.laborlawsny.com/staff/,CC-MAIN-2015-06
http://www.laborlawsny.com/staff/,CC-MAIN-2014-52
http://www.laborlawsny.com/staff/,CC-MAIN-2014-49
http://www.laborlawsny.com/staff/,CC-MAIN-2014-42
http://www.laborlawsny.com/staff/,CC-MAIN-2014-41
http://www.laborlawsny.com/staff/,CC-MAIN-2014-35
http://www.laborlawsny.com/staff/,CC-MAIN-2014-23
http://www.laborlawsny.com/staff/,CC-MAIN-2014-15
http://www.laborlawsny.com/staff/,CC-MAIN-2014-10
http://www.quarles.com/terry-skworch/,CC-MAIN-2018-51
http://www.quarles.com/terry-skworch/,CC-MAIN-2018-47
http://www.quarles.com/terry-skworch/,CC-MAIN-2018-43
http://www.quarles.com/terry-skworch/,CC-MAIN-2018-39
http://www.quarles.com/terry-skworch/,CC-MAIN-2018-34
http://www.quarles.com/terry-skworch/,CC-MAIN-2018-30
http://www.quarles.com/terry-skworch/,CC-MAIN-2018-26
http://www.quarles.com/terry-skworch/,CC-MAIN-2018-22
http://www.quarles.com/terry-skworch/,CC-MAIN-2018-17
http://www.quarles.com/terry-skworch/,CC-MAIN-2018-13
http://www.quarles.com/terry-skworch/,CC-MAIN-2018-09
http://www.quarles.com/terry-skworch/,CC-MAIN-2018-05
http://www.quarles.com/terry-skworch/,CC-MAIN-2017-51
http://www.quarles.com/terry-skworch/,CC-MAIN-2017-47
http://www.quarles.com/terry-skworch/,CC-MAIN-2017-43
http://www.quarles.com/terry-skworch/,CC-MAIN-2017-39
http://www.quarles.com/terry-skworch/,CC-MAIN-2017-34
http://www.quarles.com/terry-skworch/,CC-MAIN-2017-30
http://www.quarles.com/terry-skworch/,CC-MAIN-2017-26
http://www.quarles.com/terry-skworch/,CC-MAIN-2017-22
http://www.quarles.com/terry-skworch/,CC-MAIN-2017-17
http://www.quarles.com/terry-skworch/,CC-MAIN-2017-13
http://www.quarles.com/terry-skworch/,CC-MAIN-2017-09
http://www.quarles.com/terry-skworch/,CC-MAIN-2017-04
http://www.quarles.com/terry-skworch/,CC-MAIN-2016-50
http://www.quarles.com/terry-skworch/,CC-MAIN-2016-44
http://www.quarles.com/terry-skworch/,CC-MAIN-2016-40
http://www.quarles.com/terry-skworch/,CC-MAIN-2016-36
http://www.quarles.com/terry-skworch/,CC-MAIN-2016-30
http://www.quarles.com/terry-skworch/,CC-MAIN-2016-26
http://www.quarles.com/terry-skworch/,CC-MAIN-2016-22
http://www.quarles.com/terry-skworch/,CC-MAIN-2016-18
http://www.quarles.com/terry-skworch/,CC-MAIN-2016-07
http://www.quarles.com/terry-skworch/,CC-MAIN-2015-48
http://www.quarles.com/terry-skworch/,CC-MAIN-2015-40
http://www.quarles.com/terry-skworch/,CC-MAIN-2015-35
http://www.quarles.com/terry-skworch/,CC-MAIN-2015-32
http://www.quarles.com/terry-skworch/,CC-MAIN-2015-27
http://www.quarles.com/terry-skworch/,CC-MAIN-2015-22
http://www.quarles.com/terry-skworch/,CC-MAIN-2015-18
http://www.quarles.com/terry-skworch/,CC-MAIN-2015-14
http://www.quarles.com/terry-skworch/,CC-MAIN-2015-11
http://www.quarles.com/terry-skworch/,CC-MAIN-2015-06
http://www.quarles.com/terry-skworch/,CC-MAIN-2014-52
http://www.quarles.com/terry-skworch/,CC-MAIN-2014-49
http://www.quarles.com/terry-skworch/,CC-MAIN-2014-42
http://www.quarles.com/terry-skworch/,CC-MAIN-2014-41
http://www.quarles.com/terry-skworch/,CC-MAIN-2014-35
http://www.quarles.com/terry-skworch/,CC-MAIN-2014-23
http://www.quarles.com/terry-skworch/,CC-MAIN-2014-15
http://www.quarles.com/terry-skworch/,CC-MAIN-2014-10
http://www.wyattfirm.com/professionals-detail/Cynthia-Mohon,CC-MAIN-2018-51
http://www.wyattfirm.com/professionals-detail/Cynthia-Mohon,CC-MAIN-2018-47
http://www.wyattfirm.com/professionals-detail/Cynthia-Mohon,CC-MAIN-2018-43
http://www.wyattfirm.com/professionals-detail/Cynthia-Mohon,CC-MAIN-2018-39
http://www.wyattfirm.com/professionals-detail/Cynthia-Mohon,CC-MAIN-2018-34
http://www.wyattfirm.com/professionals-detail/Cynthia-Mohon,CC-MAIN-2018-30
http://www.wyattfirm.com/professionals-detail/Cynthia-Mohon,CC-MAIN-2018-26
http://www.wyattfirm.com/professionals-detail/Cynthia-Mohon,CC-MAIN-2018-22
http://www.wyattfirm.com/professionals-detail/Cynthia-Mohon,CC-MAIN-2018-17
http://www.wyattfirm.com/professionals-detail/Cynthia-Mohon,CC-MAIN-2018-13
http://www.wyattfirm.com/professionals-detail/Cynthia-Mohon,CC-MAIN-2018-09
http://www.wyattfirm.com/professionals-detail/Cynthia-Mohon,CC-MAIN-2018-05
http://www.wyattfirm.com/professionals-detail/Cynthia-Mohon,CC-MAIN-2017-51
http://www.wyattfirm.com/professionals-detail/Cynthia-Mohon,CC-MAIN-2017-47
http://www.wyattfirm.com/professionals-detail/Cynthia-Mohon,CC-MAIN-2017-43
http://www.wyattfirm.com/professionals-detail/Cynthia-Mohon,CC-MAIN-2017-39
http://www.wyattfirm.com/professionals-detail/Cynthia-Mohon,CC-MAIN-2017-34
http://www.wyattfirm.com/professionals-detail/Cynthia-Mohon,CC-MAIN-2017-30
http://www.wyattfirm.com/professionals-detail/Cynthia-Mohon,CC-MAIN-2017-26
http://www.wyattfirm.com/professionals-detail/Cynthia-Mohon,CC-MAIN-2017-22
http://www.wyattfirm.com/professionals-detail/Cynthia-Mohon,CC-MAIN-2017-17
http://www.wyattfirm.com/professionals-detail/Cynthia-Mohon,CC-MAIN-2017-13
http://www.wyattfirm.com/professionals-detail/Cynthia-Mohon,CC-MAIN-2017-09
http://www.wyattfirm.com/professionals-detail/Cynthia-Mohon,CC-MAIN-2017-04
http://www.wyattfirm.com/professionals-detail/Cynthia-Mohon,CC-MAIN-2016-50
http://www.wyattfirm.com/professionals-detail/Cynthia-Mohon,CC-MAIN-2016-44
http://www.wyattfirm.com/professionals-detail/Cynthia-Mohon,CC-MAIN-2016-40
http://www.wyattfirm.com/professionals-detail/Cynthia-Mohon,CC-MAIN-2016-36
http://www.wyattfirm.com/professionals-detail/Cynthia-Mohon,CC-MAIN-2016-30
http://www.wyattfirm.com/professionals-detail/Cynthia-Mohon,CC-MAIN-2016-26
http://www.wyattfirm.com/professionals-detail/Cynthia-Mohon,CC-MAIN-2016-22
http://www.wyattfirm.com/professionals-detail/Cynthia-Mohon,CC-MAIN-2016-18
http://www.wyattfirm.com/professionals-detail/Cynthia-Mohon,CC-MAIN-2016-07
http://www.wyattfirm.com/professionals-detail/Cynthia-Mohon,CC-MAIN-2015-48
http://www.wyattfirm.com/professionals-detail/Cynthia-Mohon,CC-MAIN-2015-40
http://www.wyattfirm.com/professionals-detail/Cynthia-Mohon,CC-MAIN-2015-35
http://www.wyattfirm.com/professionals-detail/Cynthia-Mohon,CC-MAIN-2015-32
http://www.wyattfirm.com/professionals-detail/Cynthia-Mohon,CC-MAIN-2015-27
http://www.wyattfirm.com/professionals-detail/Cynthia-Mohon,CC-MAIN-2015-22
http://www.wyattfirm.com/professionals-detail/Cynthia-Mohon,CC-MAIN-2015-18
http://www.wyattfirm.com/professionals-detail/Cynthia-Mohon,CC-MAIN-2015-14
http://www.wyattfirm.com/professionals-detail/Cynthia-Mohon,CC-MAIN-2015-11
http://www.wyattfirm.com/professionals-detail/Cynthia-Mohon,CC-MAIN-2015-06
http://www.wyattfirm.com/professionals-detail/Cynthia-Mohon,CC-MAIN-2014-52
http://www.wyattfirm.com/professionals-detail/Cynthia-Mohon,CC-MAIN-2014-49
http://www.wyattfirm.com/professionals-detail/Cynthia-Mohon,CC-MAIN-2014-42
http://www.wyattfirm.com/professionals-detail/Cynthia-Mohon,CC-MAIN-2014-41
http://www.wyattfirm.com/professionals-detail/Cynthia-Mohon,CC-MAIN-2014-35
http://www.wyattfirm.com/professionals-detail/Cynthia-Mohon,CC-MAIN-2014-23
http://www.wyattfirm.com/professionals-detail/Cynthia-Mohon,CC-MAIN-2014-15
http://www.wyattfirm.com/professionals-detail/Cynthia-Mohon,CC-MAIN-2014-10
https://www.michaelbest.com/Newsroom/105812/Twelve-Associates-Elected-to-the-Michael-Best-Friedrich-LLP-Partnership,CC-MAIN-2018-51
https://www.michaelbest.com/Newsroom/105812/Twelve-Associates-Elected-to-the-Michael-Best-Friedrich-LLP-Partnership,CC-MAIN-2018-47
https://www.michaelbest.com/Newsroom/105812/Twelve-Associates-Elected-to-the-Michael-Best-Friedrich-LLP-Partnership,CC-MAIN-2018-43
https://www.michaelbest.com/Newsroom/105812/Twelve-Associates-Elected-to-the-Michael-Best-Friedrich-LLP-Partnership,CC-MAIN-2018-39
https://www.michaelbest.com/Newsroom/105812/Twelve-Associates-Elected-to-the-Michael-Best-Friedrich-LLP-Partnership,CC-MAIN-2018-34
https://www.michaelbest.com/Newsroom/105812/Twelve-Associates-Elected-to-the-Michael-Best-Friedrich-LLP-Partnership,CC-MAIN-2018-30
https://www.michaelbest.com/Newsroom/105812/Twelve-Associates-Elected-to-the-Michael-Best-Friedrich-LLP-Partnership,CC-MAIN-2018-26
https://www.michaelbest.com/Newsroom/105812/Twelve-Associates-Elected-to-the-Michael-Best-Friedrich-LLP-Partnership,CC-MAIN-2018-22
https://www.michaelbest.com/Newsroom/105812/Twelve-Associates-Elected-to-the-Michael-Best-Friedrich-LLP-Partnership,CC-MAIN-2018-17
https://www.michaelbest.com/Newsroom/105812/Twelve-Associates-Elected-to-the-Michael-Best-Friedrich-LLP-Partnership,CC-MAIN-2018-13
https://www.michaelbest.com/Newsroom/105812/Twelve-Associates-Elected-to-the-Michael-Best-Friedrich-LLP-Partnership,CC-MAIN-2018-09
https://www.michaelbest.com/Newsroom/105812/Twelve-Associates-Elected-to-the-Michael-Best-Friedrich-LLP-Partnership,CC-MAIN-2018-05
https://www.michaelbest.com/Newsroom/105812/Twelve-Associates-Elected-to-the-Michael-Best-Friedrich-LLP-Partnership,CC-MAIN-2017-51
https://www.michaelbest.com/Newsroom/105812/Twelve-Associates-Elected-to-the-Michael-Best-Friedrich-LLP-Partnership,CC-MAIN-2017-47
https://www.michaelbest.com/Newsroom/105812/Twelve-Associates-Elected-to-the-Michael-Best-Friedrich-LLP-Partnership,CC-MAIN-2017-43
https://www.michaelbest.com/Newsroom/105812/Twelve-Associates-Elected-to-the-Michael-Best-Friedrich-LLP-Partnership,CC-MAIN-2017-39
https://www.michaelbest.com/Newsroom/105812/Twelve-Associates-Elected-to-the-Michael-Best-Friedrich-LLP-Partnership,CC-MAIN-2017-34
https://www.michaelbest.com/Newsroom/105812/Twelve-Associates-Elected-to-the-Michael-Best-Friedrich-LLP-Partnership,CC-MAIN-2017-30
https://www.michaelbest.com/Newsroom/105812/Twelve-Associates-Elected-to-the-Michael-Best-Friedrich-LLP-Partnership,CC-MAIN-2017-26
https://www.michaelbest.com/Newsroom/105812/Twelve-Associates-Elected-to-the-Michael-Best-Friedrich-LLP-Partnership,CC-MAIN-2017-22
https://www.michaelbest.com/Newsroom/105812/Twelve-Associates-Elected-to-the-Michael-Best-Friedrich-LLP-Partnership,CC-MAIN-2017-17
https://www.michaelbest.com/Newsroom/105812/Twelve-Associates-Elected-to-the-Michael-Best-Friedrich-LLP-Partnership,CC-MAIN-2017-13
https://www.michaelbest.com/Newsroom/105812/Twelve-Associates-Elected-to-the-Michael-Best-Friedrich-LLP-Partnership,CC-MAIN-2017-09
https://www.michaelbest.com/Newsroom/105812/Twelve-Associates-Elected-to-the-Michael-Best-Friedrich-LLP-Partnership,CC-MAIN-2017-04
https://www.michaelbest.com/Newsroom/105812/Twelve-Associates-Elected-to-the-Michael-Best-Friedrich-LLP-Partnership,CC-MAIN-2016-50
https://www.michaelbest.com/Newsroom/105812/Twelve-Associates-Elected-to-the-Michael-Best-Friedrich-LLP-Partnership,CC-MAIN-2016-44
https://www.michaelbest.com/Newsroom/105812/Twelve-Associates-Elected-to-the-Michael-Best-Friedrich-LLP-Partnership,CC-MAIN-2016-40
https://www.michaelbest.com/Newsroom/105812/Twelve-Associates-Elected-to-the-Michael-Best-Friedrich-LLP-Partnership,CC-MAIN-2016-36
https://www.michaelbest.com/Newsroom/105812/Twelve-Associates-Elected-to-the-Michael-Best-Friedrich-LLP-Partnership,CC-MAIN-2016-30
https://www.michaelbest.com/Newsroom/105812/Twelve-Associates-Elected-to-the-Michael-Best-Friedrich-LLP-Partnership,CC-MAIN-2016-26
https://www.michaelbest.com/Newsroom/105812/Twelve-Associates-Elected-to-the-Michael-Best-Friedrich-LLP-Partnership,CC-MAIN-2016-22
https://www.michaelbest.com/Newsroom/105812/Twelve-Associates-Elected-to-the-Michael-Best-Friedrich-LLP-Partnership,CC-MAIN-2016-18
https://www.michaelbest.com/Newsroom/105812/Twelve-Associates-Elected-to-the-Michael-Best-Friedrich-LLP-Partnership,CC-MAIN-2016-07
https://www.michaelbest.com/Newsroom/105812/Twelve-Associates-Elected-to-the-Michael-Best-Friedrich-LLP-Partnership,CC-MAIN-2015-48
https://www.michaelbest.com/Newsroom/105812/Twelve-Associates-Elected-to-the-Michael-Best-Friedrich-LLP-Partnership,CC-MAIN-2015-40
https://www.michaelbest.com/Newsroom/105812/Twelve-Associates-Elected-to-the-Michael-Best-Friedrich-LLP-Partnership,CC-MAIN-2015-35
https://www.michaelbest.com/Newsroom/105812/Twelve-Associates-Elected-to-the-Michael-Best-Friedrich-LLP-Partnership,CC-MAIN-2015-32
https://www.michaelbest.com/Newsroom/105812/Twelve-Associates-Elected-to-the-Michael-Best-Friedrich-LLP-Partnership,CC-MAIN-2015-27
https://www.michaelbest.com/Newsroom/105812/Twelve-Associates-Elected-to-the-Michael-Best-Friedrich-LLP-Partnership,CC-MAIN-2015-22
https://www.michaelbest.com/Newsroom/105812/Twelve-Associates-Elected-to-the-Michael-Best-Friedrich-LLP-Partnership,CC-MAIN-2015-18
https://www.michaelbest.com/Newsroom/105812/Twelve-Associates-Elected-to-the-Michael-Best-Friedrich-LLP-Partnership,CC-MAIN-2015-14
https://www.michaelbest.com/Newsroom/105812/Twelve-Associates-Elected-to-the-Michael-Best-Friedrich-LLP-Partnership,CC-MAIN-2015-11
https://www.michaelbest.com/Newsroom/105812/Twelve-Associates-Elected-to-the-Michael-Best-Friedrich-LLP-Partnership,CC-MAIN-2015-06
https://www.michaelbest.com/Newsroom/105812/Twelve-Associates-Elected-to-the-Michael-Best-Friedrich-LLP-Partnership,CC-MAIN-2014-52
https://www.michaelbest.com/Newsroom/105812/Twelve-Associates-Elected-to-the-Michael-Best-Friedrich-LLP-Partnership,CC-MAIN-2014-49
https://www.michaelbest.com/Newsroom/105812/Twelve-Associates-Elected-to-the-Michael-Best-Friedrich-LLP-Partnership,CC-MAIN-2014-42
https://www.michaelbest.com/Newsroom/105812/Twelve-Associates-Elected-to-the-Michael-Best-Friedrich-LLP-Partnership,CC-MAIN-2014-41
https://www.michaelbest.com/Newsroom/105812/Twelve-Associates-Elected-to-the-Michael-Best-Friedrich-LLP-Partnership,CC-MAIN-2014-35
https://www.michaelbest.com/Newsroom/105812/Twelve-Associates-Elected-to-the-Michael-Best-Friedrich-LLP-Partnership,CC-MAIN-2014-23
https://www.michaelbest.com/Newsroom/105812/Twelve-Associates-Elected-to-the-Michael-Best-Friedrich-LLP-Partnership,CC-MAIN-2014-15
https://www.michaelbest.com/Newsroom/105812/Twelve-Associates-Elected-to-the-Michael-Best-Friedrich-LLP-Partnership,CC-MAIN-2014-10
